Model,Feel▾,Actuation,Pre-Travel,Total Travel,Mount,
Cherry MX Blue,Clicky,60g,2.2mm,4.0mm,Plate/PCB,
Cherry MX Green,Clicky,80g,2.2mm,4.0mm,Plate/PCB,
Cherry MX White,Clicky,80g,2.2mm,4.0mm,Plate,
Cherry MX RGB Blue,Clicky,60g,2.2mm,4.0mm,Plate,
Gateron Ink Blue,Clicky,60g,2.0mm,4.0mm,PCB,
Gateron Milky Blue,Clicky,80g,2.0mm,4.0mm,PCB,
Gateron Milky Green,Clicky,60g,2.3mm,4.0mm,PCB,
Gateron Blue,Clicky,55g,2.3mm,4.0mm,Plate/PCB,
Gateron Green,Clicky,80g,2.3mm,4.0mm,Plate/PCB,
Gateron Optical Blue,Clicky,55g,2.3mm,4.0mm,PCB,
Gateron SMD Blue,Clicky,55g,2.3mm,4.0mm,Plate,
Gateron SMD Green,Clicky,80g,2.0mm,4.0mm,Plate,
Huano Blue,Clicky,50g,2.0mm,4.0mm,Plate,
HyperX Blue,Clicky,50g,1.8mm,3.8mm,Plate,
Kailh Blue,Clicky,60g,1.9mm,4.0mm,Plate,
Kailh Box White,Clicky,50g,1.8mm,3.6mm,Plate,
Kailh Box Pink,Clicky,62g,1.8mm,3.6mm,Plate,
Kailh Box White Owl,Clicky,46g,1.8mm,3.6mm,PCB,
Kailh Box Glazed Green,Clicky,50g,1.8mm,3.6mm,Plate,
Kailh Box Noble Yellow,Clicky,65g,1.8mm,3.6mm,Plate,
Kailh Box Crystal Jade,Clicky,55g,1.8mm,3.6mm,PCB,
Kailh Box Crystal Navy,Clicky,60g,1.8mm,3.6mm,PCB,
Kailh Box Crystal Pink,Clicky,65g,1.8mm,3.6mm,PCB,
Kailh Box Heavy Pale Blue,Clicky,60g,1.8mm,3.6mm,Plate,
Kailh Pro Light Green,Clicky,50g,1.7mm,3.6mm,Plate,
Kailh RGB Blue,Clicky,50g,1.9mm,4.0mm,Plate,
Kailh Speed Bronze,Clicky,50g,1.1mm,3.5mm,Plate,
Kailh Speed Gold,Clicky,50g,1.4mm,3.5mm,Plate,
Kailh Speed Pink,Clicky,50g,1.4mm,3.5mm,Plate,
Kailh Choc White,Clicky,50g,1.3mm,3.2mm,Plate,
Kailh Choc Heavy Pale Blue,Clicky,60g,1.3mm,3.2mm,PCB,
Kailh Choc Jade,Clicky,50g,1.3mm,3.2mm,PCB,
Kailh Choc Navy,Clicky,50g,1.3mm,3.2mm,PCB,
Kailh Choc V2 Blue,Clicky,55g,1.3mm,3.2mm,Plate,
Kailh Choc Robin,Clicky,47/52/57g,1.5mm,3.0mm,Plate,
Keychron Low Profile Optical Blue,Clicky,48g,1.1mm,2.5mm,Plate,
Keychron Low Profile Optical Orange,Clicky,55g,1.1mm,2.5mm,Plate,
NK Sherbet,Clicky,55g,2.0mm,4.0mm,Plate,
NK Big Switch Pale Blue,Clicky,280g,4.8mm,14.0mm,Plate,
Outemu Blue,Clicky,60g,2.4mm,4.0mm,Plate,
Outemu Dustproof Blue,Clicky,60g,2.4mm,4.0mm,Plate,
Outemu Dustproof Green,Clicky,70g,2.0mm,4.0mm,Plate,
Outemu GAOTE Blue,Clicky,60g,2.4mm,4.0mm,Plate,
Outemu Gold,Clicky,58g,2.0mm,4.0mm,Plate,
Outemu Green,Clicky,70g,2.0mm,4.0mm,Plate,
Outemu Ocean,Clicky,55g,1.8mm,4.0mm,Plate,
Outemu OTM Alps White,Clicky,60g,2.2mm,3.5mm,Plate,
Outemu Teal,Clicky,70g,2.0mm,4.0mm,Plate,
Razer Green,Clicky,50g,1.9mm,4.0mm,Plate,
Razer Optical Clicky,Clicky,45g,1.5mm,3.5mm,Plate,
Redragon A113 Bullet-B Parrot,Clicky,40g,2.0mm,4.0mm,Plate,
SteelSeries QX2 Blue,Clicky,45g,2.0mm,4.0mm,-,
TTC Gold Blue,Clicky,37g,2.2mm,3.5mm,Plate,
TTC Low Profile Blue,Clicky,45g,1.3mm,3.2mm,Plate,
TTC x Helix Lab Skylar,Clicky,45g,2.0mm,4.0mm,Plate,
Varmilo EC Ivy V2,Clicky,50g,2.3mm,4.0mm,Plate,
Zeal Clickiez,Clicky,40/75g,2.0mm,4.0mm,PCB,
Ajazz x Huano Diced Fruit Blueberry,Linear,48g,2.0mm,3.8mm,Plate,
Ajazz x Huano Diced Fruit Peach,Linear,40g,2.0mm,4.0mm,Plate,
Akko CS Crystal Blue,Linear,40g,1.6mm,4.0mm,Plate,
Akko CS Crystal,Linear,43g,1.6mm,4.0mm,Plate,
Akko CS Jelly Black,Linear,45g,1.9mm,4.0mm,Plate,
Akko CS Jelly Pink,Linear,45g,1.9mm,4.0mm,Plate,
Akko CS Jelly White,Linear,35g,2.0mm,4.0mm,Plate,
Akko CS Matcha Green,Linear,50g,1.9mm,4.0mm,Plate,
Akko CS Radiant Red,Linear,53g,1.9mm,3.5mm,Plate,
Akko CS Rose Red,Linear,43g,1.9mm,4.0mm,Plate,
Akko CS Sakura,Linear,39g,1.9mm,4.0mm,Plate,
Akko CS Silver,Linear,45g,1.0mm,3.0mm,Plate,
Akko CS Starfish,Linear,50g,1.9mm,4.0mm,Plate,
Akko CS Vintage White,Linear,35g,1.9mm,4.0mm,Plate,
Akko CS Wine Red,Linear,43g,1.9mm,4.0mm,Plate,
Akko POM Pink,Linear,45g,1.9mm,4.0mm,Plate,
Akko POM Silver,Linear,43g,1.0mm,3.0mm,Plate,
Akko x Gateron Pink,Linear,45g,2.0mm,4.0mm,Plate,
Akko x Gateron Yellow,Linear,50g,2.0mm,4.0mm,Plate,
Akko x TTC Demon,Linear,50g,2.0mm,4.0mm,Plate,
Akko x TTC Princess,Linear,45g,2.0mm,4.0mm,Plate,
Alpaca V2 Linear,Linear,62g,2.0mm,4.0mm,PCB,
Boardsource x Kailh Purpz,Linear,25g,1.5mm,3.0mm,PCB,
Candy Jade Green,Linear,55/62g,2.0mm,4.0mm,PCB,
Candy Raindrop,Linear,60g,2.0mm,4.0mm,PCB,
C3Equalz Fierce Girl,Linear,58.5g,2.0mm,4.0mm,PCB,
C3Equalz X TKC Banana Split,Linear,45g,2.0mm,4.0mm,PCB,
C3Equalz X TKC Tangerine Dark Green,Linear,67g,2.0mm,4.0mm,PCB,
C3Equalz X TKC Tangerine Light Green,Linear,62g,2.0mm,4.0mm,PCB,
Cherry MX Black,Linear,60g,2.0mm,4.0mm,Plate/PCB,
Cherry MX Red,Linear,45g,2.0mm,4.0mm,Plate/PCB,
Cherry MX Speed Silver,Linear,45g,1.2mm,3.4mm,Plate/PCB,
Cherry MX RGB Black,Linear,60g,2.0mm,4.0mm,Plate,
Cherry MX RGB Red,Linear,45g,2.0mm,4.0mm,Plate,
Cherry MX RGB Speed Silver,Linear,45g,1.2mm,3.4mm,Plate,
Cherry MX Low Profile Red,Linear,45g,1.2mm,3.2mm,Plate,
Cherry MX Low Profile Speed,Linear,45g,1.0mm,3.2mm,Plate,
Hirose Cherry MX Orange,Linear,50g,2.0mm,4.0mm,Hirose Cherry,
DCS x JWK Eve,Linear,48g,2.0mm,3.7mm,PCB,
Durock EV-01,Linear,63.5g,2.0mm,3.4mm,PCB,
Durock EV-02,Linear,63.5g,2.0mm,3.4mm,PCB,
Durock L1 Clear Yellow,Linear,55g,2.0mm,4.0mm,PCB,
Durock L1 Smokey Yellow,Linear,55g,2.0mm,4.0mm,PCB,
Durock L2 Clear Creamy Green,Linear,62g,2.0mm,4.0mm,PCB,
Durock L2 Smokey Creamy Green,Linear,62g,2.0mm,4.0mm,PCB,
Durock L3 Clear Pink,Linear,65g,2.0mm,4.0mm,PCB,
Durock L3 Smokey Pink,Linear,65g,2.0mm,4.0mm,PCB,
Durock L4 Clear Purple,Linear,67g,2.0mm,4.0mm,PCB,
Durock L4 Smokey Purple,Linear,67g,2.0mm,4.0mm,PCB,
Durock L5 Clear Blue,Linear,67g,2.0mm,4.0mm,PCB,
Durock L5 Smokey Blue,Linear,67g,2.0mm,4.0mm,PCB,
Durock L7 Smokey,Linear,62/67/78g,2.0mm,4.0mm,PCB,
Durock Mamba,Linear,60g,2.0mm,3.5mm,PCB,
Durock POM Piano,Linear,63.5g,2.0mm,3.7mm,PCB,
Durock Splash Brothers,Linear,48g,1.0mm,3.5mm,PCB,
Epomaker Bluebird,Linear,47g,2.0mm,3.8mm,PCB,
Epomaker Flamingo,Linear,47g,2.0mm,3.8mm,PCB,
Epomaker Sea Salt,Linear,50g,2.0mm,4.0mm,PCB,
Everglide Amber Orange,Linear,58g,2.0mm,4.0mm,PCB,
Everglide Aqua King,Linear,55g/62g/67g,2.0mm,4.0mm,PCB,
Everglide Coral Red,Linear,67g,2.0mm,4.0mm,PCB,
Everglide Sakura Pink,Linear,45g,2.0mm,4.0mm,PCB,
Everglide Tourmaline Blue,Linear,50g,2.0mm,4.0mm,PCB,
Everglide Tourmaline Blue V2.5,Linear,50/55/62g,2.0mm,4.0mm,PCB,
Fantasy Bulbasaur,Linear,42g,2.0mm,4.0mm,Plate,
Fantasy DVA,Linear,37g,2.0mm,3.8mm,PCB,
Feker Airy,Linear,58g,2.0mm,4.0mm,Plate,
Feker Smokey Linear,Linear,60g,2.0mm,3.3mm,Plate,
Gamakay Bumblebee,Linear,45g,1.3mm,4.0mm,Plate,
Gamakay Crystal,Linear,45g,2.0mm,4.0mm,Plate,
Gateron CAP Golden Yellow,Linear,50g,2.0mm,4.0mm,PCB,
Gateron CAP Milky Yellow,Linear,50g,2.0mm,4.0mm,PCB,
Gateron Ink Black,Linear,60g,2.0mm,4.0mm,PCB,
Gateron Ink Red,Linear,45g,2.0mm,4.0mm,PCB,
Gateron Ink Yellow,Linear,60g,2.0mm,3.4mm,PCB,
Gateron Milky Black,Linear,60g,2.0mm,4.0mm,PCB,
Gateron Milky Clear,Linear,35g,2.0mm,4.0mm,PCB,
Gateron Milky Red,Linear,45g,2.0mm,4.0mm,PCB,
Gateron Milky Yellow,Linear,50g,2.0mm,4.0mm,PCB,
Gateron Black,Linear,60g,2.0mm,4.0mm,Plate/PCB,
Gateron Clear,Linear,35g,2.0mm,4.0mm,Plate/PCB,
Gateron Red,Linear,45g,2.0mm,4.0mm,Plate/PCB,
Gateron Yellow,Linear,35g,2.0mm,4.0mm,Plate/PCB,
Gateron Optical Black,Linear,60g,2.0mm,4.0mm,PCB,
Gateron Optical Clear,Linear,35g,2.0mm,4.0mm,PCB,
Gateron Optical Red,Linear,45g,2.0mm,4.0mm,PCB,
Gateron Optical Silver,Linear,45g,1.0mm,3.2mm,PCB,
Gateron Optical Yellow,Linear,35g,1.0mm,3.2mm,PCB,
Gateron Keyfirst Cream,Linear,62g,2.0mm,4.0mm,PCB,
Gateron Robin Custom,Linear,62/67g,2.0mm,4.0mm,PCB,
Gateron SMD Black,Linear,50g,2.0mm,4.0mm,Plate,
Gateron SMD Clear,Linear,35g,2.0mm,4.0mm,Plate,
Gateron SMD Red,Linear,45g,2.0mm,4.0mm,Plate,
Gateron SMD Yellow,Linear,50g,2.0mm,4.0mm,Plate,
Gateron Silver Pro,Linear,45g,3.4mm,1.2mm,Plate,
Gazzew Boba LT,Linear,55/65g,2.0mm,4.0mm,PCB,
Glorious Lynx,Linear,60g,2.0mm,4.0mm,PCB,
Gopolar Vermilion Bird,Linear,50g,2.0mm,4.0mm,PCB,
HK Gaming MS1 Pro Sky Blue,Linear,62g,2.0mm,4.0mm,PCB,
HK Gaming MS1 Pro Marlin Blue,Linear,67g,2.0mm,4.0mm,PCB,
HK Gaming MS1 Pro Lake Blue,Linear,72g,2.0mm,4.0mm,PCB,
Huano Black,Linear,60g,2.0mm,4.0mm,Plate,
Huano American Rose Garden,Linear,35g,2.0mm,4.0mm,Plate,
Huano Holy Tom Jerry V1,Linear,43g,2.0mm,4.0mm,Plate,
Huano Pink,Linear,60g,1.2mm,4.0mm,Plate,
Huano Red,Linear,45g,2.0mm,4.0mm,Plate,
Huano Silver,Linear,60g,1.2mm,4.0mm,Plate,
Huano Smokey Pink,Linear,80g,2.0mm,4.0mm,Plate,
HyperX Red,Linear,45g,1.8mm,3.8mm,Plate,
JTK Dreaming Girl Usagi,Linear,55g,2.0mm,4.0mm,PCB,
JWICK Black V2,Linear,42g,2.0mm,4.0mm,PCB,
JWICK Grey White,Linear,48g,2.0mm,3.7mm,PCB,
JWICK Milk Yellow,Linear,50g,2.0mm,4.0mm,PCB,
JWICK X MoYu.Studio Queen Linear,Linear,60g,2.0mm,4.0mm,PCB,
JWICK Red Pro,Linear,60g,2.0mm,4.0mm,PCB,
JWICK Red,Linear,60g,2.0mm,4.0mm,PCB,
JWICK Ultimate Black,Linear,38g,2.0mm,4.0mm,PCB,
JWICK White,Linear,37g,2.0mm,4.0mm,PCB,
JWICK Yellow Pro,Linear,65g,2.0mm,4.0mm,PCB,
JWICK Yellow,Linear,65g,2.0mm,4.0mm,PCB,
JWK Epsilon,Linear,68g,2.0mm,4.0mm,PCB,
JWK Ice Pink,Linear,62g,2.0mm,4.0mm,PCB,
JWK Matcha,Linear,49g,2.0mm,4.0mm,PCB,
Kailh Black,Linear,60g,1.9mm,4.0mm,Plate,
Kailh Red,Linear,45g,1.9mm,4.0mm,Plate,
Kailh Box Black,Linear,60g,1.8mm,3.6mm,Plate,
Kailh Box Red,Linear,50g,1.8mm,3.6mm,Plate,
Kailh Box Red Pro,Linear,35g,1.8mm,3.6mm,Plate,
Kailh Box Red Bean Pudding,Linear,45g,1.8mm,3.6mm,PCB,
Kailh Box Ancient Grey,Linear,95g,1.8mm,3.6mm,Plate,
Kailh Box Chinese Red,Linear,45g,1.8mm,3.6mm,Plate,
Kailh Box Heavy Dark Yellow,Linear,60g,1.8mm,3.6mm,Plate,
Kailh Pro Burgundy,Linear,50g,1.7mm,3.6mm,Plate,
Kailh RGB Black,Linear,60g,1.9mm,4.0mm,Plate,
Kailh RGB Red,Linear,45g,1.9mm,4.0mm,Plate,
Kailh Speed Silver,Linear,40g,1.4mm,3.5mm,Plate,
Kailh Choc Black,Linear,60g,1.3mm,3.2mm,Plate,
Kailh Choc Red,Linear,50g,1.3mm,3.2mm,Plate,
Kailh Choc Heavy Dark Yellow,Linear,70g,1.3mm,3.2mm,PCB,
Kailh Choc V2 Red,Linear,50g,1.3mm,3.2mm,Plate,
Kailh Choc Red Crystal,Linear,35g,1.5mm,3.0mm,Plate,
Kailh Choc Red Pro,Linear,35g,1.8mm,3.6mm,Plate,
Kailh Choc Light Blue,Linear,25g,1.5mm,3.0mm,Plate,
Keychron Low Profile Optical Black,Linear,50g,1.1mm,2.5mm,Plate,
Keychron Low Profile Optical Red,Linear,40g,1.1mm,2.5mm,Plate,
Keychron Low Profile Optical White,Linear,30g,1.1mm,2.5mm,Plate,
Keyfirst Bling Blue,Linear,67g,2.0mm,3.8mm,PCB,
Keyfirst Bling Green,Linear,80g,2.0mm,3.8mm,PCB,
Keyfirst Bling Pink,Linear,45g,2.0mm,3.8mm,PCB,
Keyfirst Bling Purple,Linear,62g,2.0mm,3.8mm,PCB,
Keyfirst Bling Yellow,Linear,30g,2.0mm,3.8mm,PCB,
Keyfirst Queen,Linear,60g,2.0mm,4.0mm,PCB,
KK Light Wave Mint Green,Linear,45g,2.0mm,4.0mm,Plate,
KTT Grapefruit,Linear,45g,2.0mm,4.0mm,Plate,
KTT Kang White,Linear,40g,2.0mm,4.0mm,Plate,
KTT Mint,Linear,45g,2.0mm,4.0mm,Plate,
KTT Peach,Linear,45g,2.0mm,4.0mm,Plate,
KTT Rose,Linear,43g,2.0mm,4.0mm,Plate,
KTT Sea Salt Lemon,Linear,45g,2.0mm,4.0mm,Plate,
KTT Strawberry,Linear,62g,2.0mm,4.0mm,Plate,
KTT Wine Red,Linear,44g,2.0mm,4.0mm,Plate,
LCET Grace,Linear,50g,2.0mm,4.0mm,PCB,
LCET Ice World,Linear,50g,2.0mm,4.0mm,PCB,
LCET Sprout,Linear,50g,2.0mm,4.0mm,PCB,
MiTo Laser Cyan,Linear,60g,2.0mm,4.0mm,PCB,
MiTo Laser Pink,Linear,70g,2.0mm,4.0mm,PCB,
MMK Flamingo,Linear,54g,1.9mm,3.9mm,Plate,
MOD-H Linear,Linear,62g,2.0mm,4.0mm,PCB,
MOD-M Linear,Linear,55g,2.0mm,4.0mm,PCB,
MOD-L Linear,Linear,45g,2.0mm,4.0mm,PCB,
MOD-L Tactile,Linear,45g,2.0mm,4.0mm,PCB,
NK Box Cream,Linear,45g,2.0mm,4.0mm,PCB,
NK Cream,Linear,55g,1.8mm,3.0mm,PCB,
NK Big Switch Dark Yellow,Linear,280g,4.8mm,14.0mm,Plate,
Outemu Black,Linear,60g,1.5mm,4.0mm,Plate,
Outemu Dustproof Black,Linear,60g,1.5mm,4.0mm,Plate,
Outemu Dustproof Red,Linear,45g,2.0mm,4.0mm,Plate,
Outemu Dustproof Silver,Linear,45g,1.3mm,4.0mm,Plate,
Outemu GAOTE Black,Linear,80g,1.5mm,4.0mm,Plate,
Outemu GAOTE Red,Linear,60g,2.0mm,4.0mm,Plate,
Outemu OTM Alps Red,Linear,35g,2.2mm,3.5mm,Plate,
Outemu Red,Linear,45g,2.0mm,4.0mm,Plate,
Outemu Silent Peach,Linear,40g,1.3mm,3.3mm,Plate,
Outemu Transparent,Linear,45g,2.0mm,4.0mm,Plate,
Razer Analog Optical,Linear,45g,1.5mm,3.6mm,Plate,
Razer Yellow,Linear,45g,1.2mm,3.5mm,Plate,
Razer Optical Linear,Linear,40g,1.5mm,3.5mm,Plate,
Redragon A113 Bullet-QL Peach,Linear,40g,2.0mm,3.3mm,Plate,
Redragon A113 Bullet-R Neon,Linear,40g,2.0mm,4.0mm,Plate,
Redragon A113 Bullet-S Silver,Linear,35g,1.3mm,4.0mm,Plate,
RK x TTC Colorful Green,Linear,41g,1.9mm,4.0mm,Plate,
RK x TTC Colorful Red,Linear,41g,1.9mm,4.0mm,Plate,
RK x TTC Colorful Yellow,Linear,41g,1.9mm,4.0mm,Plate,
SP Star Ayara,Linear,62g,2.0mm,4.0mm,PCB,
SP Star Luminous Cyber,Linear,62g,2.0mm,4.0mm,PCB,
SP Star Meteor White,Linear,57g,2.0mm,4.0mm,PCB,
SP Star X Kon Nana,Linear,65g,2.0mm,4.0mm,PCB,
SP Star Pink & Green,Linear,48g,2.0mm,4.0mm,PCB,
SP Star Red & Blue,Linear,57g,2.0mm,4.0mm,PCB,
SP Star Luminous Starry Night,Linear,62g,2.0mm,4.0mm,PCB,
SP Star Polaris White,Linear,57g,2.0mm,4.0mm,PCB,
SP Star Yanyu,Linear,48g,2.0mm,4.0mm,PCB,
SteelSeries OmniPoint,Linear,45g,0.4mm,3.6mm,-,
SteelSeries QX2 Red,Linear,45g,2.0mm,4.0mm,-,
Tecsee Carrot,Linear,55g,2.0mm,3.5mm,PCB,
Tecsee Ice Candy,Linear,55g,2.1mm,3.8mm,PCB,
Tecsee Ice Grape,Linear,55g,1.9mm,3.8mm,PCB,
Tecsee Jadeite,Linear,55g,2.1mm,3.8mm,PCB,
Tecsee Oreo,Linear,55g,1.9mm,3.8mm,PCB,
Tecsee Ruby,Linear,52g,2.0mm,3.5mm,PCB,
Tecsee Safety,Linear,52g,2.0mm,3.7mm,PCB,
Titan Linear,Linear,45g,1.4mm,3.6mm,Plate,
Titan Optical Linear,Linear,45g,1.4mm,3.6mm,Plate,
TTC Ace,Linear,60g,2.0mm,4.0mm,PCB,
TTC Flame Red,Linear,45g,2.0mm,4.0mm,Plate,
TTC Frozen,Linear,39g,2.0mm,3.5mm,Plate,
TTC Gold Pink V2,Linear,37g,2.0mm,4.0mm,Plate,
TTC Gold Pink,Linear,37g,2.0mm,4.0mm,Plate,
TTC Gold Red,Linear,50g,2.0mm,4.0mm,Plate,
TTC Hey,Linear,50g,2.0mm,4.0mm,PCB,
TTC Honey,Linear,42g,2.0mm,3.8mm,Plate,
TTC Low Profile Red,Linear,45g,1.2mm,3.2mm,Plate,
TTC Matrix Wild,Linear,42/55g,2.0mm,4.0mm,PCB,
TTC NCR V2,Linear,52g,2.0mm,4.0mm,Plate,
TTC Speed Silver,Linear,45g,2.0mm,4.0mm,Plate,
TTC Tiger OG,Linear,45g,1.0mm,3.7mm,PCB,
Varmilo EC Daisy V2,Linear,35g,2.0mm,4.0mm,Plate,
Varmilo EC Rose V2,Linear,55g,2.0mm,4.0mm,Plate,
Varmilo EC Sakura V2,Linear,45g,2.0mm,4.0mm,Plate,
YOK Mint Panda,Linear,50g,2.0mm,4.0mm,Plate,
YOK Polar Panda,Linear,50g,2.0mm,4.0mm,Plate,
YOK Red Panda,Linear,50g,2.0mm,4.0mm,Plate,
YOK Translucent Panda,Linear,50g,2.0mm,4.0mm,Plate,
YOK Trash Panda,Linear,50g,2.0mm,4.0mm,Plate,
YOK White Panda,Linear,50g,2.0mm,4.0mm,Plate,
Zeal Tealio V2,Linear,67g,2.0mm,4.0mm,PCB,
Zeal Turquoise Tealio,Linear,63.5/65g,2.0mm,4.0mm,PCB,
Tecsee Blue Sky,Linear/Tactile,48g,1.8mm,3.4mm,PCB,
Alpaca Silent Linear,Silent Linear,62g,2.0mm,4.0mm,PCB,
Cherry MX Silent Black,Silent Linear,60g,1.9mm,3.7mm,Plate/PCB,
Cherry MX Silent Red,Silent Linear,45g,1.9mm,3.7mm,Plate/PCB,
Cherry MX RGB Silent Black,Silent Linear,60g,1.9mm,3.7mm,Plate,
Cherry MX RGB Silent Red,Silent Linear,45g,1.9mm,3.7mm,Plate,
Durock Daybreak,Silent Linear,67g,2.0mm,3.4mm,PCB,
Durock Dolphin,Silent Linear,62g,2.0mm,3.4mm,PCB,
Gamakay Phoenix,Silent Linear,40g,3.3mm,4.0mm,Plate,
Gateron Ink Silent Black,Silent Linear,60g,2.0mm,4.0mm,PCB,
Gateron Silent Black,Silent Linear,60g,2.0mm,4.0mm,PCB,
Gateron Silent Clear,Silent Linear,35g,2.0mm,4.0mm,PCB,
Gateron Silent Red,Silent Linear,45g,2.0mm,4.0mm,PCB,
Gateron Silent Yellow,Silent Linear,35g,2.0mm,4.0mm,PCB,
Gazzew Boba Gum Pink,Silent Linear,52/62/68g,2.0mm,4.0mm,PCB,
Kailh Box Silent Pink,Silent Linear,35g,1.8mm,3.6mm,Plate,
Nightwalker Nightcall,Silent Linear,66g,2.0mm,4.0mm,PCB,
Outemu Silent Sky,Silent Linear,45g,2.0mm,4.0mm,PCB,
Outemu Silent White,Silent Linear,45g,2.0mm,4.0mm,Plate,
TTC Silent Red,Silent Linear,45g,1.9mm,3.7mm,Plate,
Zeal Healio V2,Silent Linear,63.5g,2.0mm,4.0mm,PCB,
Zeal Roselio,Silent Linear,67g,2.0mm,4.0mm,PCB,
Zeal Sakurio,Silent Linear,62g,2.0mm,4.0mm,PCB,
Aliaz Silent,Silent Tactile,60/70/80/100g,2.0mm,4.0mm,PCB,
Durock Silent T1 Shrimp,Silent Tactile,67g,2.0mm,3.8mm,PCB,
Gateron Silent Brown,Silent Tactile,55g,2.0mm,4.0mm,PCB,
Gazzew Boba U4 RGB,Silent Tactile,62/68g,2.0mm,4.0mm,PCB,
Gazzew Boba U4,Silent Tactile,62/68g,2.0mm,4.0mm,PCB,
Kailh Box Silent Brown,Silent Tactile,45g,1.8mm,3.6mm,Plate,
Topre Silent,Silent Tactile,30/35/45/55g,2.0mm,4.0mm,PCB,
TTC Silent Brown V2,Silent Tactile,55g,2.0mm,4.0mm,Plate,
TTC Silent Brown,Silent Tactile,45g,2.0mm,3.8mm,Plate,
Zeal Aqua Zilent,Silent Tactile,62/67g,2.0mm,4.0mm,PCB,
Zeal Zilent 62g V2,Silent Tactile,62g,2.0mm,4.0mm,PCB,
Zeal Zilent 65g V2,Silent Tactile,65g,2.0mm,4.0mm,PCB,
Zeal Zilent 67g V2,Silent Tactile,67g,2.0mm,4.0mm,PCB,
Zeal Zilent 78g V2,Silent Tactile,78g,2.0mm,4.0mm,PCB,
Ajazz x Huano Diced Fruit Banana,Tactile,40g,1.9mm,3.3mm,Plate,
Ajazz x Huano Diced Fruit Kiwi,Tactile,50g,1.9mm,3.3mm,Plate,
Akko CS Jelly Blue,Tactile,40g,2.0mm,4.0mm,Plate,
Akko CS Jelly Purple,Tactile,40g,2.0mm,4.0mm,Plate,
Akko CS Lavender Purple,Tactile,36g,1.9mm,4.0mm,Plate,
Akko CS Ocean Blue,Tactile,45g,1.9mm,4.0mm,Plate,
Akko CS Sponge,Tactile,40g,2.0mm,4.0mm,Plate,
Akko POM Brown,Tactile,40g,1.9mm,4.0mm,Plate,
Akko x Gateron Orange,Tactile,45g,2.0mm,4.0mm,Plate,
Arctos,Tactile,65/72g,2.0mm,4.0mm,PCB,
Candy Blinding Lights,Tactile,62/65g,2.0mm,4.0mm,PCB,
Candy Sakura Snow,Tactile,62/65g,2.0mm,4.0mm,PCB,
C³Equalz X TKC Dragon Fruit,Tactile,63.5g,2.0mm,4.0mm,PCB,
C³Equalz X TKC Kiwi,Tactile,43g,2.0mm,4.0mm,PCB,
Cherry MX Brown,Tactile,55g,2.0mm,4.0mm,Plate/PCB,
Cherry MX Clear,Tactile,65g,2.0mm,4.0mm,Plate/PCB,
Cherry MX Grey,Tactile,80g,2.0mm,4.0mm,Plate/PCB,
Cherry MX RGB Brown,Tactile,55g,2.0mm,4.0mm,Plate,
Cherry MX RGB Clear,Tactile,65g,2.0mm,4.0mm,Plate,
Chosfox x JWICK Voyager,Tactile,45g,2.0mm,3.5mm,PCB,
Domikey Cyberpunk Green,Tactile,62/67g,2.0mm,4.0mm,PCB,
Domikey Cyberpunk EVA Pink,Tactile,62/67g,2.0mm,4.0mm,PCB,
Drop Halo Clear,Tactile,65g,1.9mm,4.0mm,PCB,
Drop Halo True,Tactile,60g,1.9mm,4.0mm,PCB,
Drop Holy Panda X,Tactile,60g,1.9mm,4.0mm,PCB,
Drop x Invyr Holy Panda,Tactile,67g,1.9mm,4.0mm,PCB,
Durock Koala,Tactile,62/67g,2.0mm,4.0mm,PCB,
Durock POM T1 Sunflower,Tactile,63.5g,2.0mm,3.7mm,PCB,
Durock T1 Clear,Tactile,67g,2.0mm,4.0mm,PCB,
Durock T1 Smokey,Tactile,67g,2.0mm,4.0mm,PCB,
Epomaker Budgerigar,Tactile,47g,2.0mm,3.8mm,PCB,
Everglide Bamboo Green,Tactile,62g,2.0mm,4.0mm,PCB,
Everglide Crystal Purple,Tactile,55g,2.0mm,4.0mm,PCB,
Everglide Dark Jade,Tactile,50g,2.0mm,4.0mm,PCB,
Everglide Jade Green,Tactile,58g,2.0mm,4.0mm,PCB,
Everglide Oreo,Tactile,55g,2.0mm,4.0mm,PCB,
Fantasy Charmander,Tactile,43g,2.0mm,3.6mm,PCB,
Fantasy Virus,Tactile,58g,2.0mm,3.6mm,PCB,
Feker Blue White,Tactile,50g,2.0mm,3.3mm,Plate,
Feker Emerald,Tactile,50g,2.0mm,3.3mm,Plate,
Feker Holy Panda,Tactile,50g,2.0mm,4.0mm,Plate,
Feker Miami,Tactile,58g,2.0mm,4.0mm,Plate,
Feker Smokey Tactile,Tactile,55g,2.0mm,3.3mm,Plate,
Gateron CAP Golden Brown,Tactile,55g,2.0mm,4.0mm,PCB,
Gateron CAP Milky Brown,Tactile,55g,2.0mm,4.0mm,PCB,
Gateron Ink Kangaroo,Tactile,59/63g,1.5mm,3.4mm,PCB,
Gateron Milky Brown,Tactile,55g,2.0mm,4.0mm,PCB,
Gateron Brown,Tactile,55g,2.0mm,4.0mm,Plate/PCB,
Gateron Optical Brown,Tactile,55g,2.0mm,4.0mm,PCB,
Gateron SMD Brown,Tactile,45g,2.0mm,4.0mm,Plate,
Gazzew Boba Black U4,Tactile,62g,2.0mm,4.0mm,PCB,
Gazzew Boba U4T,Tactile,62/68g,2.0mm,4.0mm,PCB,
Glorious Panda,Tactile,67g,2.0mm,4.0mm,Plate,
Gopolar Azure Dragon,Tactile,63g,2.0mm,4.0mm,PCB,
Hako Clear,Tactile,55g,1.9mm,3.6mm,Plate,
Hako True,Tactile,60g,1.9mm,3.6mm,Plate,
Hako Violet,Tactile,28g,1.9mm,3.6mm,Plate,
Huano Brown,Tactile,55g,2.0mm,4.0mm,Plate,
Huano Holy Tom V1,Tactile,60g,2.0mm,4.0mm,Plate,
Huano Holy Tom V2,Tactile,63.5g,2.0mm,4.0mm,Plate,
Huano Smokey White,Tactile,65g,2.0mm,3.3mm,Plate,
HyperX Aqua,Tactile,45g,1.8mm,3.8mm,Plate,
JWICK Aloe,Tactile,67g,2.0mm,4.0mm,PCB,
JWICK Giant,Tactile,58g,2.0mm,4.0mm,PCB,
JWICK T1 V2,Tactile,55g,2.0mm,4.0mm,PCB,
JWICK Taro Puree,Tactile,70g,2.0mm,3.7mm,PCB,
JWICK TC V2,Tactile,55g,2.0mm,4.0mm,PCB,
JWK Ice Jade,Tactile,62g,2.0mm,4.0mm,PCB,
JWK X Protozoa Studio The Moss Switch,Tactile,62/67g,2.0mm,4.0mm,PCB,
Kailh Brown,Tactile,50g,1.9mm,4.0mm,Plate,
Kailh Box Brown,Tactile,60g,1.8mm,3.6mm,Plate,
Kailh Box Crystal Pro,Tactile,65g,1.8mm,3.6mm,PCB,
Kailh Box Crystal Royal,Tactile,40g,1.8mm,3.6mm,PCB,
Kailh Box Crystal,Tactile,62/67/72g,1.8mm,3.6mm,PCB,
Kailh Box Heavy Burnt Orange,Tactile,60g,1.8mm,3.6mm,Plate,
Kailh Pro Purple,Tactile,50g,1.7mm,3.6mm,Plate,
Kailh RGB Brown,Tactile,50g,1.9mm,4.0mm,Plate,
Kailh Speed Copper,Tactile,50g,1.1mm,3.5mm,Plate,
Kailh x Domikey Canary,Tactile,42g,2.0mm,4.0mm,PCB,
Kailh x Domikey Knight Saber,Tactile,60g,2.0mm,4.0mm,PCB,
Kailh Polia,Tactile,60g,1.9mm,3.8mm,Plate,
Kailh Choc Brown,Tactile,50g,1.3mm,3.2mm,Plate,
Kailh Choc Heavy Burnt Orange,Tactile,60g,1.3mm,3.2mm,PCB,
Kailh Choc V2 Brown,Tactile,50g,1.3mm,3.2mm,Plate,
Keychron Low Profile Optical Banana,Tactile,57g,1.1mm,2.5mm,Plate,
Keychron Low Profile Optical Brown,Tactile,57g,1.1mm,2.5mm,Plate,
Keychron Low Profile Optical Mint,Tactile,67g,1.1mm,2.5mm,Plate,
KTT Matcha,Tactile,40g,1.9mm,4.0mm,Plate,
LCET Blue Pink,Tactile,58g,2.0mm,4.0mm,PCB,
LCET Desert,Tactile,58g,2.0mm,4.0mm,PCB,
LCET Joker,Tactile,58g,2.0mm,4.0mm,PCB,
LCET Oasis,Tactile,58g,2.0mm,4.0mm,PCB,
LCET Pink Queen,Tactile,58g,2.0mm,4.0mm,PCB,
LCET Pink Sweet Heart,Tactile,58g,2.0mm,4.0mm,PCB,
MMK Frog,Tactile,54g,2.6mm,3.9mm,Plate,
MOD-SH Tactile,Tactile,70g,2.0mm,4.0mm,PCB,
MOD-H Tactile,Tactile,62g,2.0mm,4.0mm,PCB,
MOD-M Tactile,Tactile,55g,2.0mm,4.0mm,PCB,
Nightwalker Solaris,Tactile,66g,2.0mm,4.0mm,PCB,
NK Blueberry,Tactile,65g,1.8mm,3.0mm,PCB,
NK Cream Tactile,Tactile,65g,3.0mm,4.0mm,PCB,
NK Big Switch Burnt Orange,Tactile,280g,4.8mm,14.0mm,Plate,
Outemu Brown,Tactile,50g,2.0mm,4.0mm,Plate,
Outemu Dustproof Brown,Tactile,50g,2.0mm,4.0mm,Plate,
Outemu Dustproof Purple,Tactile,50g,2.0mm,4.0mm,Plate,
Outemu GAOTE Brown,Tactile,40g,2.0mm,4.0mm,Plate,
Outemu Ice Clear,Tactile,62g,2.0mm,4.0mm,PCB,
Outemu Ice Dark Purple,Tactile,68g,2.0mm,4.0mm,PCB,
Outemu Ice Grey,Tactile,75g,2.0mm,4.0mm,PCB,
Outemu Ice Light Purple,Tactile,62g,2.0mm,4.0mm,PCB,
Outemu Orange,Tactile,50g,2.0mm,4.0mm,Plate,
Outemu Panda,Tactile,50g,1.8mm,3.3mm,Plate,
Outemu Purple,Tactile,50g,2.0mm,4.0mm,PCB,
Outemu Silent Forest,Tactile,62/68g,2.0mm,4.0mm,PCB,
Outemu Silent Gray,Tactile,55g,1.6mm,4.0mm,Plate,
Outemu Silent Lemon,Tactile,35g,1.8mm,3.3mm,Plate,
Outemu Silver,Tactile,45g,2.0mm,4.0mm,Plate,
Outemu Sky,Tactile,62/68g,2.0mm,4.0mm,PCB,
Razer Orange,Tactile,45g,1.9mm,4.0mm,Plate,
Redragon A113 Bullet-F Wukong,Tactile,50g,1.8mm,3.3mm,Plate,
Redragon A113 Bullet-QT Lime,Tactile,35g,1.8mm,3.3mm,Plate,
SP Star Duck,Tactile,57g,2.0mm,4.0mm,PCB,
SP Star Polaris Grey,Tactile,67g,2.0mm,4.0mm,PCB,
SP Star Magic Girl,Tactile,67g,2.0mm,4.0mm,PCB,
SP Star Meteor Orange,Tactile,57g,2.0mm,4.0mm,PCB,
SP Star Polaris Purple,Tactile,67g,2.0mm,4.0mm,PCB,
SP Star X Kon Momo,Tactile,65g,2.0mm,4.0mm,PCB,
SteelSeries QX2 Brown,Tactile,45g,2.0mm,4.0mm,-,
Tecsee Coral,Tactile,55g,1.8mm,3.0mm,PCB,
Tecsee Mango Ice,Tactile,52g,1.9mm,3.8mm,PCB,
Tecsee Purple Panda,Tactile,55g,2.0mm,3.0mm,PCB,
Tecsee Sapphire,Tactile,52g,2.0mm,3.0mm,PCB,
Titan Tactile,Tactile,55g,1.8mm,3.6mm,Plate,
Titan Optical Tactile,Tactile,45g,1.8mm,3.6mm,Plate,
Topre,Tactile,30/35/45/55g,2.0mm,4.0mm,PCB,
TTC Bluish White,Tactile,42g,2.0mm,3.5mm,Plate,
TTC Chaotic Panda,Tactile,55g,2.0mm,4.0mm,PCB,
TTC Cyber Panda,Tactile,55g,2.0mm,4.0mm,PCB,
TTC Gold Brown,Tactile,45g,2.0mm,4.0mm,Plate,
TTC Heroic Panda,Tactile,55g,2.0mm,4.0mm,PCB,
TTC Watermelon Milkshake,Tactile,55g,2.0mm,4.0mm,Plate,
YOK Purple Trash Panda,Tactile,75g,2.0mm,4.0mm,Plate,
Zeal Zealio 62g V2,Tactile,62g,2.0mm,4.0mm,PCB,
Zeal Zealio 65g V2,Tactile,65g,2.0mm,4.0mm,PCB,
Zeal Zealio 67g V2,Tactile,67g,2.0mm,4.0mm,PCB,
Zeal Zealio 78g V2,Tactile,78g,2.0mm,4.0mm,PCB,
